"id","email","encrypted_password","reset_password_token","reset_password_sent_at","remember_created_at","created_at","updated_at","invitation_token","invitation_created_at","invitation_sent_at","invitation_accepted_at","invitation_limit","invited_by_type","invited_by_id","invitations_count"
1,elwood@emmerichklein.name,$2a$11$HP22YHcofqjPz0T60nJ4wOXV3KHlCz4xM9r78trlrLFF0XdcOtPW6,,,,2019-09-23 15:03:55,2019-09-23 15:03:55,,,,,,,,0
2,deandre@howe.us,$2a$11$8O9i9xxfvNWSCM9kxh4ZleZkAmbrM6d.cTKuWBpUjLnN5tVq.gJEm,,,,2019-09-23 15:03:55,2019-09-23 15:03:55,,,,,,,,0
3,bert@ullrich.com,$2a$11$6sRNOZXtPZxK0QdTP/71G.Mwx2nOrfWtwzvMPeAHB2lKwUTUw2wsW,,,,2019-09-23 15:03:55,2019-09-23 15:03:55,,,,,,,,0
4,raul_hartmann@bauch.name,$2a$11$3pe6.kvjwUTmFC7Qz.ZJT.qjq/APqapcnpJq8wePFAm2Eu8Ls7Y3S,,,,2019-09-23 15:03:55,2019-09-23 15:03:55,,,,,,,,0
5,zenia.kunde@heaney.com,$2a$11$TVQZn4VMTawGvIuUr5bUHusVT1BRRp6ScPyJ3LnnLOqF8yoEL9N/S,,,,2019-09-23 15:03:56,2019-09-23 15:03:56,,,,,,,,0
6,jillian@kohlerkerluke.name,$2a$11$bIqMRZYByLwhn2NTWRKEGOSNARAUFUX4V7vh1JG9zr/nW/mOEvsIe,,,,2019-09-23 15:03:56,2019-09-23 15:03:56,,,,,,,,0
7,kirstie_schamberger@wisokyebert.name,$2a$11$Pui8P/zqrsU5Qx6bPqJghO3/G4Ruc270QUdZJ0kI/DQQAcS0T3Ueu,,,,2019-09-23 15:03:56,2019-09-23 15:03:56,,,,,,,,0
8,moon@hoppemarvin.us,$2a$11$hPleqtZiX/p5.qo3uxIDw.aHogZA7VikvyMLA6Z9kbfUUkdHb7Jpi,,,,2019-09-23 15:03:56,2019-09-23 15:03:56,,,,,,,,0
9,hanna@trantowwhite.info,$2a$11$Q04w3ZK4xy/SyNlCM4dhdOdqg.QoXfA3ed/1nMlEeUpBoHnba6YkO,,,,2019-09-23 15:03:56,2019-09-23 15:03:56,,,,,,,,0
10,jake@wisozk.ca,$2a$11$n4VLMxUopg/.hMjStBtYce6QswrQ8152P244jTJNJABHUhudFHkKy,,,,2019-09-23 15:03:56,2019-09-23 15:03:56,,,,,,,,0
11,nanette@bartell.biz,$2a$11$BQZg4ES24b.CYwoLRTpHYuwP.JV9e4BuqRGjFAlP.yfSXK5c7bRL.,,,,2019-09-23 15:03:56,2019-09-23 15:03:56,,,,,,,,0
12,suellen.reichel@framibechtelar.biz,$2a$11$CMn1RRMniuMYkjk31CHo0eqz4pWHCF2LISOu49O1ujDSa8JyLvzCO,,,,2019-09-23 15:03:57,2019-09-23 15:03:57,,,,,,,,0
13,delsie.mcdermott@rueckerwisoky.info,$2a$11$O5ic/Cezh4LiseM7qdKI5exjxyqPJBisdh88IujNYuyyriIIWGvti,,,,2019-09-23 15:03:57,2019-09-23 15:03:57,,,,,,,,0
14,ossie@hayesbartoletti.us,$2a$11$NvovCto2pmdZ4mtqLd8KFukpFOxx25ut6l8w6hVfMcr/rdOgllZ0e,,,,2019-09-23 15:03:57,2019-09-23 15:03:57,,,,,,,,0
15,donn_hyatt@mueller.biz,$2a$11$5.QSkz5RmXCOXx9qtpELYeCTxUySyDrHGuVlU6.8oXo9P6KscgNSS,,,,2019-09-23 15:03:57,2019-09-23 15:03:57,,,,,,,,0
16,kylie.kilback@brakusberge.ca,$2a$11$tDEYawv7H9XPObB7maQaterhJA1HCwcHBiLw4.FDYqlBy7bAtItvm,,,,2019-09-23 15:03:57,2019-09-23 15:03:57,,,,,,,,0
17,geraldine.mcdermott@ledner.name,$2a$11$bi9R7e7ztfLFa.HuKWJ.beTUYpUhTtp5HrDkzPZ4yXiBxpD0lfAHS,,,,2019-09-23 15:03:57,2019-09-23 15:03:57,,,,,,,,0
18,clark.wolf@gusikowski.info,$2a$11$Yg17Hl7Ol0cFZzz8ZZwWUOVhxasqvMk4o0cQvcwIr2PpEItLaaqHa,,,,2019-09-23 15:03:57,2019-09-23 15:03:57,,,,,,,,0
19,loan@vandervort.us,$2a$11$RjuQqWshcLiVe/3wffjrUe/Ux3utY6tMaA30hUBJfEfZf4H.yDYRW,,,,2019-09-23 15:03:57,2019-09-23 15:03:57,,,,,,,,0
20,bernardo@lueilwitz.co.uk,$2a$11$WYTB892DFOJQO86DWFH2IubTKdU0ZoJ.3hiOOnX43ejddIDDD8gt2,,,,2019-09-23 15:03:58,2019-09-23 15:03:58,,,,,,,,0
21,thomasine@deckow.ca,$2a$11$uFtlh7.hLSroNvhNu6/b3edg2X1CrcfXJLy.n6vqiHdUUWfQ5D8zy,,,,2019-09-23 15:03:58,2019-09-23 15:03:58,,,,,,,,0
22,ima@ratke.name,$2a$11$QYit5z9J3W0ijAtXbmgV1.oWhT51hbwKj76/MwVqspYnwSkLCPrT.,,,,2019-09-23 15:03:58,2019-09-23 15:03:58,,,,,,,,0
23,vivien.oga@kohler.ca,$2a$11$MQFVbOYW.OSZ0M6JygzgkuFZHg4pGw8/.FOiOvgg3BI2SO89rJVDK,,,,2019-09-23 15:03:58,2019-09-23 15:03:58,,,,,,,,0
24,marna@mclaughlingleichner.ca,$2a$11$vy9POWPLSFyjklsiWJhNa.CbxrXoLU.xOok50kelvAsT0bCVPzr2e,,,,2019-09-23 15:03:58,2019-09-23 15:03:58,,,,,,,,0
25,eilene@hilll.co.uk,$2a$11$lkHOuxSbwVTNB4lnblcyCOvtDILLmSEe63U9det5jw6K0HCGBwcT2,,,,2019-09-23 15:03:58,2019-09-23 15:03:58,,,,,,,,0
